--      INSER합ES DA TABELA TAB_EMPRESA
INSERT INTO TAB_EMPRESA (nome_empresa, cod_empresa) VALUES ('EMPRESA E0001','E0001');
INSERT INTO TAB_EMPRESA (nome_empresa, cod_empresa) VALUES ('EMPRESA E0002','E0002');

--      INSER합ES EM MASSA PARA TABELA TAB_DEPARTAMENTO
INSERT ALL
INTO TAB_DEPARTAMENTO
VALUES ('D0001','DEPARTAMENTO D0001', 'CAMPINAS','E0001')
INTO TAB_DEPARTAMENTO
VALUES ('D0002','DEPARTAMENTO D0002', 'CAMPO GRANDE','E0001')
INTO TAB_DEPARTAMENTO
VALUES ('D0003','DEPARTAMENTO D0003', 'CAMPINAS','E0001')
INTO TAB_DEPARTAMENTO
VALUES ('D0004','DEPARTAMENTO D0004', 'CURITIBA','E0002')
INTO TAB_DEPARTAMENTO
VALUES ('D0005','DEPARTAMENTO D0005', 'CAMPO GRANDE','E0002')
SELECT * FROM DUAL;

--      INSER합ES ATRAVES DE IMPORTA플O PARA TABELA TAB_PROJETO

SET DEFINE OFF

INSERT INTO TAB_PROJETO (COD_PROJETO, NOME_PROJETO, ORCAMENTO, DATA_INICIO, COD_DEPARTAMENTO) 
VALUES ('P0001', 'PROJETOP0001', 20000.0, to_date('01/02/2019', 'DD/MM/RR'), 'D0001');

INSERT INTO TAB_PROJETO (COD_PROJETO, NOME_PROJETO, ORCAMENTO, DATA_INICIO, COD_DEPARTAMENTO) 
VALUES ('P0002', 'PROJETOP0002', 22500.0, to_date('07/02/2020', 'DD/MM/RR'), 'D0001');

INSERT INTO TAB_PROJETO (COD_PROJETO, NOME_PROJETO, ORCAMENTO, DATA_INICIO, COD_DEPARTAMENTO) 
VALUES ('P0003', 'PROJETOP0003', 41000.0, to_date('15/03/2021', 'DD/MM/RR'), 'D0001');

INSERT INTO TAB_PROJETO (COD_PROJETO, NOME_PROJETO, ORCAMENTO, DATA_INICIO, COD_DEPARTAMENTO) 
VALUES ('P0004', 'PROJETOP0004', 70000.0, to_date('18/09/2021', 'DD/MM/RR'), 'D0002');

INSERT INTO TAB_PROJETO (COD_PROJETO, NOME_PROJETO, ORCAMENTO, DATA_INICIO, COD_DEPARTAMENTO) 
VALUES ('P0005', 'PROJETOP0005', 35000.0, to_date('01/03/2022', 'DD/MM/RR'), 'D0002');

INSERT INTO TAB_PROJETO (COD_PROJETO, NOME_PROJETO, ORCAMENTO, DATA_INICIO, COD_DEPARTAMENTO) 
VALUES ('P0006', 'PROJETOP0006', 70000.0, to_date('03/07/2021', 'DD/MM/RR'), 'D0002');

INSERT INTO TAB_PROJETO (COD_PROJETO, NOME_PROJETO, ORCAMENTO, DATA_INICIO, COD_DEPARTAMENTO) 
VALUES ('P0007', 'PROJETOP0007', 65000.0, to_date('27/05/2021', 'DD/MM/RR'), 'D0002');

INSERT INTO TAB_PROJETO (COD_PROJETO, NOME_PROJETO, ORCAMENTO, DATA_INICIO, COD_DEPARTAMENTO) 
VALUES ('P0008', 'PROJETOP0008', 25000.0, to_date('14/03/2018', 'DD/MM/RR'), 'D0003');

INSERT INTO TAB_PROJETO (COD_PROJETO, NOME_PROJETO, ORCAMENTO, DATA_INICIO, COD_DEPARTAMENTO) 
VALUES ('P0009', 'PROJETOP0009', 12000.0, to_date('13/07/2021', 'DD/MM/RR'), 'D0003');

INSERT INTO TAB_PROJETO (COD_PROJETO, NOME_PROJETO, ORCAMENTO, DATA_INICIO, COD_DEPARTAMENTO) 
VALUES ('P0010', 'PROJETOP0010', 21000.0, to_date('08/10/2019', 'DD/MM/RR'), 'D0004');

INSERT INTO TAB_PROJETO (COD_PROJETO, NOME_PROJETO, ORCAMENTO, DATA_INICIO, COD_DEPARTAMENTO) 
VALUES ('P0011', 'PROJETOP0011', 39000.0, to_date('30/01/2021', 'DD/MM/RR'), 'D0005');

-- Importar Dados do arquivo C:\Users\matheus.santos\Desktop\estudos_plsql\PROJETO EMPRESAS\PROJETO.txt para a tabela TAB_PROJETO . Tarefa bem-sucedida e enviada para a planilha.

--          INSER합ES ATRAVES DE IMPORTA플O DE DADOS PARA TABELA TAB_FUNCIONARIO
SET DEFINE OFF

INSERT INTO TAB_FUNCIONARIO (COD_FUNCIONARIO, NOME_FUNCIONARIO, DATA_ADMISSAO, COD_DEPARTAMENTO) 
VALUES ('F0001', 'FUNCIONARIO F0001', to_date('02/01/2020', 'MM/DD/RR'), 'D0001');

INSERT INTO TAB_FUNCIONARIO (COD_FUNCIONARIO, NOME_FUNCIONARIO, DATA_ADMISSAO, COD_DEPARTAMENTO) 
VALUES ('F0002', 'FUNCIONARIO F0002', to_date('02/02/2020', 'MM/DD/RR'), 'D0001');

INSERT INTO TAB_FUNCIONARIO (COD_FUNCIONARIO, NOME_FUNCIONARIO, DATA_ADMISSAO, COD_DEPARTAMENTO) 
VALUES ('F0003', 'FUNCIONARIO F0003', to_date('01/30/2021', 'MM/DD/RR'), 'D0001');

INSERT INTO TAB_FUNCIONARIO (COD_FUNCIONARIO, NOME_FUNCIONARIO, DATA_ADMISSAO, COD_DEPARTAMENTO) 
VALUES ('F0004', 'FUNCIONARIO F0004', to_date('09/04/2020', 'MM/DD/RR'), 'D0001');

INSERT INTO TAB_FUNCIONARIO (COD_FUNCIONARIO, NOME_FUNCIONARIO, DATA_ADMISSAO, COD_DEPARTAMENTO) 
VALUES ('F0005', 'FUNCIONARIO F0005', to_date('03/12/2020', 'MM/DD/RR'), 'D0001');

INSERT INTO TAB_FUNCIONARIO (COD_FUNCIONARIO, NOME_FUNCIONARIO, DATA_ADMISSAO, COD_DEPARTAMENTO) 
VALUES ('F0006', 'FUNCIONARIO F0006', to_date('01/15/2019', 'MM/DD/RR'), 'D0001');

INSERT INTO TAB_FUNCIONARIO (COD_FUNCIONARIO, NOME_FUNCIONARIO, DATA_ADMISSAO, COD_DEPARTAMENTO) 
VALUES ('F0007', 'FUNCIONARIO F0007', to_date('08/13/2021', 'MM/DD/RR'), 'D0001');

INSERT INTO TAB_FUNCIONARIO (COD_FUNCIONARIO, NOME_FUNCIONARIO, DATA_ADMISSAO, COD_DEPARTAMENTO) 
VALUES ('F0008', 'FUNCIONARIO F0008', to_date('10/22/2021', 'MM/DD/RR'), 'D0001');

INSERT INTO TAB_FUNCIONARIO (COD_FUNCIONARIO, NOME_FUNCIONARIO, DATA_ADMISSAO, COD_DEPARTAMENTO) 
VALUES ('F0009', 'FUNCIONARIO F0009', to_date('08/17/2019', 'MM/DD/RR'), 'D0001');

INSERT INTO TAB_FUNCIONARIO (COD_FUNCIONARIO, NOME_FUNCIONARIO, DATA_ADMISSAO, COD_DEPARTAMENTO) 
VALUES ('F0010', 'FUNCIONARIO F0010', to_date('04/18/2021', 'MM/DD/RR'), 'D0001');

INSERT INTO TAB_FUNCIONARIO (COD_FUNCIONARIO, NOME_FUNCIONARIO, DATA_ADMISSAO, COD_DEPARTAMENTO) 
VALUES ('F0011', 'FUNCIONARIO F0011', to_date('12/15/2021', 'MM/DD/RR'), 'D0002');

INSERT INTO TAB_FUNCIONARIO (COD_FUNCIONARIO, NOME_FUNCIONARIO, DATA_ADMISSAO, COD_DEPARTAMENTO) 
VALUES ('F0012', 'FUNCIONARIO F0012', to_date('08/18/2020', 'MM/DD/RR'), 'D0002');

INSERT INTO TAB_FUNCIONARIO (COD_FUNCIONARIO, NOME_FUNCIONARIO, DATA_ADMISSAO, COD_DEPARTAMENTO) 
VALUES ('F0013', 'FUNCIONARIO F0013', to_date('07/18/2019', 'MM/DD/RR'), 'D0002');

INSERT INTO TAB_FUNCIONARIO (COD_FUNCIONARIO, NOME_FUNCIONARIO, DATA_ADMISSAO, COD_DEPARTAMENTO) 
VALUES ('F0014', 'FUNCIONARIO F0014', to_date('08/13/2019', 'MM/DD/RR'), 'D0002');

INSERT INTO TAB_FUNCIONARIO (COD_FUNCIONARIO, NOME_FUNCIONARIO, DATA_ADMISSAO, COD_DEPARTAMENTO) 
VALUES ('F0015', 'FUNCIONARIO F0015', to_date('09/14/2021', 'MM/DD/RR'), 'D0002');

INSERT INTO TAB_FUNCIONARIO (COD_FUNCIONARIO, NOME_FUNCIONARIO, DATA_ADMISSAO, COD_DEPARTAMENTO) 
VALUES ('F0016', 'FUNCIONARIO F0016', to_date('04/04/2021', 'MM/DD/RR'), 'D0002');

INSERT INTO TAB_FUNCIONARIO (COD_FUNCIONARIO, NOME_FUNCIONARIO, DATA_ADMISSAO, COD_DEPARTAMENTO) 
VALUES ('F0017', 'FUNCIONARIO F0017', to_date('06/13/2018', 'MM/DD/RR'), 'D0002');

INSERT INTO TAB_FUNCIONARIO (COD_FUNCIONARIO, NOME_FUNCIONARIO, DATA_ADMISSAO, COD_DEPARTAMENTO) 
VALUES ('F0018', 'FUNCIONARIO F0018', to_date('09/15/2018', 'MM/DD/RR'), 'D0002');

INSERT INTO TAB_FUNCIONARIO (COD_FUNCIONARIO, NOME_FUNCIONARIO, DATA_ADMISSAO, COD_DEPARTAMENTO) 
VALUES ('F0019', 'FUNCIONARIO F0019', to_date('03/17/2019', 'MM/DD/RR'), 'D0002');

INSERT INTO TAB_FUNCIONARIO (COD_FUNCIONARIO, NOME_FUNCIONARIO, DATA_ADMISSAO, COD_DEPARTAMENTO) 
VALUES ('F0020', 'FUNCIONARIO F0020', to_date('02/07/2021', 'MM/DD/RR'), 'D0003');

INSERT INTO TAB_FUNCIONARIO (COD_FUNCIONARIO, NOME_FUNCIONARIO, DATA_ADMISSAO, COD_DEPARTAMENTO) 
VALUES ('F0021', 'FUNCIONARIO F0021', to_date('12/27/2021', 'MM/DD/RR'), 'D0003');

INSERT INTO TAB_FUNCIONARIO (COD_FUNCIONARIO, NOME_FUNCIONARIO, DATA_ADMISSAO, COD_DEPARTAMENTO) 
VALUES ('F0022', 'FUNCIONARIO F0022', to_date('03/18/2021', 'MM/DD/RR'), 'D0003');

INSERT INTO TAB_FUNCIONARIO (COD_FUNCIONARIO, NOME_FUNCIONARIO, DATA_ADMISSAO, COD_DEPARTAMENTO) 
VALUES ('F0023', 'FUNCIONARIO F0023', to_date('11/06/2020', 'MM/DD/RR'), 'D0003');

INSERT INTO TAB_FUNCIONARIO (COD_FUNCIONARIO, NOME_FUNCIONARIO, DATA_ADMISSAO, COD_DEPARTAMENTO) 
VALUES ('F0024', 'FUNCIONARIO F0024', to_date('04/02/2021', 'MM/DD/RR'), 'D0003');

INSERT INTO TAB_FUNCIONARIO (COD_FUNCIONARIO, NOME_FUNCIONARIO, DATA_ADMISSAO, COD_DEPARTAMENTO) 
VALUES ('F0025', 'FUNCIONARIO F0025', to_date('01/19/2020', 'MM/DD/RR'), 'D0003');

INSERT INTO TAB_FUNCIONARIO (COD_FUNCIONARIO, NOME_FUNCIONARIO, DATA_ADMISSAO, COD_DEPARTAMENTO) 
VALUES ('F0026', 'FUNCIONARIO F0026', to_date('03/17/2021', 'MM/DD/RR'), 'D0004');

INSERT INTO TAB_FUNCIONARIO (COD_FUNCIONARIO, NOME_FUNCIONARIO, DATA_ADMISSAO, COD_DEPARTAMENTO) 
VALUES ('F0027', 'FUNCIONARIO F0027', to_date('09/15/2019', 'MM/DD/RR'), 'D0004');

INSERT INTO TAB_FUNCIONARIO (COD_FUNCIONARIO, NOME_FUNCIONARIO, DATA_ADMISSAO, COD_DEPARTAMENTO) 
VALUES ('F0028', 'FUNCIONARIO F0028', to_date('04/08/2019', 'MM/DD/RR'), 'D0004');

INSERT INTO TAB_FUNCIONARIO (COD_FUNCIONARIO, NOME_FUNCIONARIO, DATA_ADMISSAO, COD_DEPARTAMENTO) 
VALUES ('F0029', 'FUNCIONARIO F0029', to_date('11/24/2021', 'MM/DD/RR'), 'D0004');

INSERT INTO TAB_FUNCIONARIO (COD_FUNCIONARIO, NOME_FUNCIONARIO, DATA_ADMISSAO, COD_DEPARTAMENTO) 
VALUES ('F0030', 'FUNCIONARIO F0030', to_date('10/06/2020', 'MM/DD/RR'), 'D0005');

INSERT INTO TAB_FUNCIONARIO (COD_FUNCIONARIO, NOME_FUNCIONARIO, DATA_ADMISSAO, COD_DEPARTAMENTO) 
VALUES ('F0031', 'FUNCIONARIO F0031', to_date('01/19/2021', 'MM/DD/RR'), 'D0005');

INSERT INTO TAB_FUNCIONARIO (COD_FUNCIONARIO, NOME_FUNCIONARIO, DATA_ADMISSAO, COD_DEPARTAMENTO) 
VALUES ('F0032', 'FUNCIONARIO F0032', to_date('06/22/2021', 'MM/DD/RR'), 'D0005');

INSERT INTO TAB_FUNCIONARIO (COD_FUNCIONARIO, NOME_FUNCIONARIO, DATA_ADMISSAO, COD_DEPARTAMENTO) 
VALUES ('F0033', 'FUNCIONARIO F0033', to_date('04/23/2020', 'MM/DD/RR'), 'D0005');

INSERT INTO TAB_FUNCIONARIO (COD_FUNCIONARIO, NOME_FUNCIONARIO, DATA_ADMISSAO, COD_DEPARTAMENTO) 
VALUES ('F0034', 'FUNCIONARIO F0034', to_date('07/29/2021', 'MM/DD/RR'), 'D0005');

INSERT INTO TAB_FUNCIONARIO (COD_FUNCIONARIO, NOME_FUNCIONARIO, DATA_ADMISSAO, COD_DEPARTAMENTO) 
VALUES ('F0035', 'FUNCIONARIO F0035', to_date('04/30/2021', 'MM/DD/RR'), 'D0005');

-- Importar Dados do arquivo C:\Users\matheus.santos\Desktop\estudos_plsql\PROJETO EMPRESAS\FUNCIONARIO_DEPENDENTE.xlsx para a tabela TAB_FUNCIONARIO . Tarefa bem-sucedida e enviada para a planilha.

--          INSER합ES ATRAVES DE IMPORTA플O DE DADOS PARA TABELA TAB_DEPENDENTE

SET DEFINE OFF

INSERT INTO TAB_DEPENDENTE (COD_DEPENDENTE, NOME_DEPENDENTE, TIPO, IDADE, COD_FUNCIONARIO) 
VALUES ('D0001', 'DEPENDENTE D0001', 'CONJUGE', 35.0, 'F0001');

INSERT INTO TAB_DEPENDENTE (COD_DEPENDENTE, NOME_DEPENDENTE, TIPO, IDADE, COD_FUNCIONARIO) 
VALUES ('D0002', 'DEPENDENTE D0002', 'FILHO/FILHA', 12.0, 'F0001');

INSERT INTO TAB_DEPENDENTE (COD_DEPENDENTE, NOME_DEPENDENTE, TIPO, IDADE, COD_FUNCIONARIO) 
VALUES ('D0003', 'DEPENDENTE D0003', 'FILHO/FILHA', 10.0, 'F0001');

INSERT INTO TAB_DEPENDENTE (COD_DEPENDENTE, NOME_DEPENDENTE, TIPO, IDADE, COD_FUNCIONARIO) 
VALUES ('D0004', 'DEPENDENTE D0004', 'CONJUGE', 42.0, 'F0003');

INSERT INTO TAB_DEPENDENTE (COD_DEPENDENTE, NOME_DEPENDENTE, TIPO, IDADE, COD_FUNCIONARIO) 
VALUES ('D0005', 'DEPENDENTE D0005', 'FILHO/FILHA', 17.0, 'F0003');

INSERT INTO TAB_DEPENDENTE (COD_DEPENDENTE, NOME_DEPENDENTE, TIPO, IDADE, COD_FUNCIONARIO) 
VALUES ('D0006', 'DEPENDENTE D0006', 'CONJUGE', 35.0, 'F0006');

INSERT INTO TAB_DEPENDENTE (COD_DEPENDENTE, NOME_DEPENDENTE, TIPO, IDADE, COD_FUNCIONARIO) 
VALUES ('D0007', 'DEPENDENTE D0007', 'FILHO/FILHA', 10.0, 'F0006');

INSERT INTO TAB_DEPENDENTE (COD_DEPENDENTE, NOME_DEPENDENTE, TIPO, IDADE, COD_FUNCIONARIO) 
VALUES ('D0008', 'DEPENDENTE D0008', 'FILHO/FILHA', 5.0, 'F0006');

INSERT INTO TAB_DEPENDENTE (COD_DEPENDENTE, NOME_DEPENDENTE, TIPO, IDADE, COD_FUNCIONARIO) 
VALUES ('D0009', 'DEPENDENTE D0009', 'FILHO/FILHA', 3.0, 'F0007');

INSERT INTO TAB_DEPENDENTE (COD_DEPENDENTE, NOME_DEPENDENTE, TIPO, IDADE, COD_FUNCIONARIO) 
VALUES ('D0010', 'DEPENDENTE D0010', 'CONJUGE', 41.0, 'F0008');

INSERT INTO TAB_DEPENDENTE (COD_DEPENDENTE, NOME_DEPENDENTE, TIPO, IDADE, COD_FUNCIONARIO) 
VALUES ('D0011', 'DEPENDENTE D0011', 'CONJUGE', 33.0, 'F0010');

INSERT INTO TAB_DEPENDENTE (COD_DEPENDENTE, NOME_DEPENDENTE, TIPO, IDADE, COD_FUNCIONARIO) 
VALUES ('D0012', 'DEPENDENTE D0012', 'FILHO/FILHA', 2.0, 'F0010');

INSERT INTO TAB_DEPENDENTE (COD_DEPENDENTE, NOME_DEPENDENTE, TIPO, IDADE, COD_FUNCIONARIO) 
VALUES ('D0013', 'DEPENDENTE D0013', 'CONJUGE', 31.0, 'F0012');

INSERT INTO TAB_DEPENDENTE (COD_DEPENDENTE, NOME_DEPENDENTE, TIPO, IDADE, COD_FUNCIONARIO) 
VALUES ('D0014', 'DEPENDENTE D0014', 'FILHO/FILHA', 5.0, 'F0012');

INSERT INTO TAB_DEPENDENTE (COD_DEPENDENTE, NOME_DEPENDENTE, TIPO, IDADE, COD_FUNCIONARIO) 
VALUES ('D0015', 'DEPENDENTE D0015', 'FILHO/FILHA', 4.0, 'F0012');

INSERT INTO TAB_DEPENDENTE (COD_DEPENDENTE, NOME_DEPENDENTE, TIPO, IDADE, COD_FUNCIONARIO) 
VALUES ('D0016', 'DEPENDENTE D0016', 'CONJUGE', 48.0, 'F0014');

INSERT INTO TAB_DEPENDENTE (COD_DEPENDENTE, NOME_DEPENDENTE, TIPO, IDADE, COD_FUNCIONARIO) 
VALUES ('D0017', 'DEPENDENTE D0017', 'CONJUGE', 45.0, 'F0017');

INSERT INTO TAB_DEPENDENTE (COD_DEPENDENTE, NOME_DEPENDENTE, TIPO, IDADE, COD_FUNCIONARIO) 
VALUES ('D0018', 'DEPENDENTE D0018', 'FILHO/FILHA', 21.0, 'F0017');

INSERT INTO TAB_DEPENDENTE (COD_DEPENDENTE, NOME_DEPENDENTE, TIPO, IDADE, COD_FUNCIONARIO) 
VALUES ('D0019', 'DEPENDENTE D0019', 'FILHO/FILHA', 18.0, 'F0018');

INSERT INTO TAB_DEPENDENTE (COD_DEPENDENTE, NOME_DEPENDENTE, TIPO, IDADE, COD_FUNCIONARIO) 
VALUES ('D0020', 'DEPENDENTE D0020', 'FILHO/FILHA', 17.0, 'F0018');

INSERT INTO TAB_DEPENDENTE (COD_DEPENDENTE, NOME_DEPENDENTE, TIPO, IDADE, COD_FUNCIONARIO) 
VALUES ('D0021', 'DEPENDENTE D0021', 'FILHO/FILHA', 14.0, 'F0019');

INSERT INTO TAB_DEPENDENTE (COD_DEPENDENTE, NOME_DEPENDENTE, TIPO, IDADE, COD_FUNCIONARIO) 
VALUES ('D0022', 'DEPENDENTE D0022', 'CONJUGE', 36.0, 'F0022');

INSERT INTO TAB_DEPENDENTE (COD_DEPENDENTE, NOME_DEPENDENTE, TIPO, IDADE, COD_FUNCIONARIO) 
VALUES ('D0023', 'DEPENDENTE D0023', 'FILHO/FILHA', 12.0, 'F0022');

INSERT INTO TAB_DEPENDENTE (COD_DEPENDENTE, NOME_DEPENDENTE, TIPO, IDADE, COD_FUNCIONARIO) 
VALUES ('D0024', 'DEPENDENTE D0024', 'CONJUGE', 51.0, 'F0023');

INSERT INTO TAB_DEPENDENTE (COD_DEPENDENTE, NOME_DEPENDENTE, TIPO, IDADE, COD_FUNCIONARIO) 
VALUES ('D0025', 'DEPENDENTE D0025', 'FILHO/FILHA', 30.0, 'F0023');

INSERT INTO TAB_DEPENDENTE (COD_DEPENDENTE, NOME_DEPENDENTE, TIPO, IDADE, COD_FUNCIONARIO) 
VALUES ('D0026', 'DEPENDENTE D0026', 'FILHO/FILHA', 25.0, 'F0023');

INSERT INTO TAB_DEPENDENTE (COD_DEPENDENTE, NOME_DEPENDENTE, TIPO, IDADE, COD_FUNCIONARIO) 
VALUES ('D0027', 'DEPENDENTE D0027', 'CONJUGE', 44.0, 'F0025');

INSERT INTO TAB_DEPENDENTE (COD_DEPENDENTE, NOME_DEPENDENTE, TIPO, IDADE, COD_FUNCIONARIO) 
VALUES ('D0028', 'DEPENDENTE D0028', 'CONJUGE', 48.0, 'F0026');

INSERT INTO TAB_DEPENDENTE (COD_DEPENDENTE, NOME_DEPENDENTE, TIPO, IDADE, COD_FUNCIONARIO) 
VALUES ('D0029', 'DEPENDENTE D0029', 'FILHO/FILHA', 20.0, 'F0027');

INSERT INTO TAB_DEPENDENTE (COD_DEPENDENTE, NOME_DEPENDENTE, TIPO, IDADE, COD_FUNCIONARIO) 
VALUES ('D0030', 'DEPENDENTE D0030', 'FILHO/FILHA', 18.0, 'F0027');

INSERT INTO TAB_DEPENDENTE (COD_DEPENDENTE, NOME_DEPENDENTE, TIPO, IDADE, COD_FUNCIONARIO) 
VALUES ('D0031', 'DEPENDENTE D0031', 'FILHO/FILHA', 14.0, 'F0027');

INSERT INTO TAB_DEPENDENTE (COD_DEPENDENTE, NOME_DEPENDENTE, TIPO, IDADE, COD_FUNCIONARIO) 
VALUES ('D0032', 'DEPENDENTE D0032', 'FILHO/FILHA', 12.0, 'F0027');

INSERT INTO TAB_DEPENDENTE (COD_DEPENDENTE, NOME_DEPENDENTE, TIPO, IDADE, COD_FUNCIONARIO) 
VALUES ('D0033', 'DEPENDENTE D0033', 'CONJUGE', 29.0, 'F0029');

INSERT INTO TAB_DEPENDENTE (COD_DEPENDENTE, NOME_DEPENDENTE, TIPO, IDADE, COD_FUNCIONARIO) 
VALUES ('D0034', 'DEPENDENTE D0034', 'CONJUGE', 41.0, 'F0030');

INSERT INTO TAB_DEPENDENTE (COD_DEPENDENTE, NOME_DEPENDENTE, TIPO, IDADE, COD_FUNCIONARIO) 
VALUES ('D0035', 'DEPENDENTE D0035', 'FILHO/FILHA', 20.0, 'F0030');

INSERT INTO TAB_DEPENDENTE (COD_DEPENDENTE, NOME_DEPENDENTE, TIPO, IDADE, COD_FUNCIONARIO) 
VALUES ('D0036', 'DEPENDENTE D0036', 'FILHO/FILHA', 16.0, 'F0030');

INSERT INTO TAB_DEPENDENTE (COD_DEPENDENTE, NOME_DEPENDENTE, TIPO, IDADE, COD_FUNCIONARIO) 
VALUES ('D0037', 'DEPENDENTE D0037', 'FILHO/FILHA', 12.0, 'F0030');

INSERT INTO TAB_DEPENDENTE (COD_DEPENDENTE, NOME_DEPENDENTE, TIPO, IDADE, COD_FUNCIONARIO) 
VALUES ('D0038', 'DEPENDENTE D0038', 'FILHO/FILHA', 5.0, 'F0030');

INSERT INTO TAB_DEPENDENTE (COD_DEPENDENTE, NOME_DEPENDENTE, TIPO, IDADE, COD_FUNCIONARIO) 
VALUES ('D0039', 'DEPENDENTE D0039', 'FILHO/FILHA', 3.0, 'F0030');

INSERT INTO TAB_DEPENDENTE (COD_DEPENDENTE, NOME_DEPENDENTE, TIPO, IDADE, COD_FUNCIONARIO) 
VALUES ('D0040', 'DEPENDENTE D0040', 'FILHO/FILHA', 1.0, 'F0031');

INSERT INTO TAB_DEPENDENTE (COD_DEPENDENTE, NOME_DEPENDENTE, TIPO, IDADE, COD_FUNCIONARIO) 
VALUES ('D0041', 'DEPENDENTE D0041', 'CONJUGE', 39.0, 'F0033');

INSERT INTO TAB_DEPENDENTE (COD_DEPENDENTE, NOME_DEPENDENTE, TIPO, IDADE, COD_FUNCIONARIO) 
VALUES ('D0042', 'DEPENDENTE D0042', 'FILHO/FILHA', 12.0, 'F0033');

INSERT INTO TAB_DEPENDENTE (COD_DEPENDENTE, NOME_DEPENDENTE, TIPO, IDADE, COD_FUNCIONARIO) 
VALUES ('D0043', 'DEPENDENTE D0043', 'FILHO/FILHA', 6.0, 'F0033');

-- Importar Dados do arquivo C:\Users\matheus.santos\Desktop\estudos_plsql\PROJETO EMPRESAS\FUNCIONARIO_DEPENDENTE.xlsx para a tabela TAB_DEPENDENTE . Tarefa bem-sucedida e enviada para a planilha.
